{"cameraMode":{"drawMode":0,"name":"Shaded","section":"Shading Mode"},"sceneLighting":false,"audioPlay":false,"sceneViewState":{"m_AlwaysRefresh":false,"showFog":true,"showSkybox":false,"showFlares":true,"showImageEffects":true,"showParticleSystems":true,"showVisualEffectGraphs":true,"m_FxEnabled":true},"in2DMode":false,"pivot":{"x":-4.164613723754883,"y":2.1789560317993166,"z":-0.28007936477661135},"rotation":{"x":-0.0457194484770298,"y":0.45418697595596316,"z":-0.023245949298143388,"w":-0.8894855380058289},"size":10.294171333312989,"orthographic":false}