{"cameraMode":{"drawMode":0,"name":"Shaded","section":"Shading Mode"},"sceneLighting":false,"audioPlay":false,"sceneViewState":{"m_AlwaysRefresh":false,"showFog":true,"showSkybox":true,"showFlares":true,"showImageEffects":true,"showParticleSystems":true,"showVisualEffectGraphs":true,"m_FxEnabled":true},"in2DMode":false,"pivot":{"x":1356.8695068359375,"y":380.1924743652344,"z":211.21148681640626},"rotation":{"x":-0.027208346873521806,"y":-0.08277792483568192,"z":0.0023310226388275625,"w":-0.9962418675422669},"size":775.2212524414063,"orthographic":false}