{"cameraMode":{"drawMode":0,"name":"Shaded","section":"Shading Mode"},"sceneLighting":false,"audioPlay":false,"sceneViewState":{"m_AlwaysRefresh":false,"showFog":true,"showSkybox":false,"showFlares":true,"showImageEffects":true,"showParticleSystems":true,"showVisualEffectGraphs":true,"m_FxEnabled":true},"in2DMode":false,"pivot":{"x":7.18623161315918,"y":-0.4559617042541504,"z":-4.94696044921875},"rotation":{"x":0.013189669698476792,"y":0.005597063340246677,"z":0.00014514851500280201,"w":-0.9999448657035828},"size":42.53430938720703,"orthographic":false}